{"cameraMode":{"drawMode":0,"name":"Shaded","section":"Shading Mode"},"sceneLighting":true,"audioPlay":false,"sceneViewState":{"showFog":true,"showMaterialUpdate":true,"showSkybox":true,"showFlares":true,"showImageEffects":true,"showParticleSystems":true},"in2DMode":false,"pivot":{"x":2.6389503479003908,"y":1.347691535949707,"z":-3.857354164123535},"rotation":{"x":-0.43763282895088198,"y":-0.02076864056289196,"z":0.009511002339422703,"w":-0.8990453481674194},"size":6.980722427368164,"orthographic":false}