{"cameraMode":{"drawMode":0,"name":"Shaded","section":"Shading Mode"},"sceneLighting":true,"audioPlay":false,"sceneViewState":{"showFog":true,"showMaterialUpdate":true,"showSkybox":true,"showFlares":true,"showImageEffects":true,"showParticleSystems":true},"in2DMode":false,"pivot":{"x":-0.7208589315414429,"y":-0.6878897547721863,"z":-0.9102671146392822},"rotation":{"x":-0.0545865036547184,"y":-0.9424548149108887,"z":0.2729249596595764,"w":-0.186247318983078},"size":2.4416584968566896,"orthographic":false}