{"cameraMode":{"drawMode":0,"name":"Shaded","section":"Shading Mode"},"sceneLighting":true,"audioPlay":false,"sceneViewState":{"showFog":true,"showMaterialUpdate":true,"showSkybox":true,"showFlares":true,"showImageEffects":true,"showParticleSystems":true},"in2DMode":false,"pivot":{"x":-4.768355369567871,"y":-1.952107310295105,"z":0.6201560497283936},"rotation":{"x":0.10440420359373093,"y":0.5661848783493042,"z":-0.07258240878582001,"w":0.8144139647483826},"size":3.9073946475982668,"orthographic":false}