{"cameraMode":{"drawMode":0,"name":"Shaded","section":"Shading Mode"},"sceneLighting":true,"audioPlay":false,"sceneViewState":{"showFog":true,"showMaterialUpdate":true,"showSkybox":true,"showFlares":true,"showImageEffects":true,"showParticleSystems":true},"in2DMode":false,"pivot":{"x":1.344095230102539,"y":-3.5899999141693117,"z":-0.09652519226074219},"rotation":{"x":0.11355185508728028,"y":-0.8861449360847473,"z":0.30501410365104678,"w":0.3299081325531006},"size":9.138219833374024,"orthographic":true}