{"cameraMode":{"drawMode":0,"name":"Shaded","section":"Shading Mode"},"sceneLighting":true,"audioPlay":false,"sceneViewState":{"showFog":true,"showMaterialUpdate":true,"showSkybox":true,"showFlares":true,"showImageEffects":true,"showParticleSystems":true},"in2DMode":false,"pivot":{"x":-0.017518997192382814,"y":-0.8899998664855957,"z":0.0},"rotation":{"x":-0.17964601516723634,"y":0.2778710126876831,"z":-0.05296868458390236,"w":-0.9422260522842407},"size":5.0832719802856449,"orthographic":false}