{"cameraMode":{"drawMode":0,"name":"Shaded","section":"Shading Mode"},"sceneLighting":true,"audioPlay":false,"sceneViewState":{"showFog":true,"showMaterialUpdate":true,"showSkybox":true,"showFlares":true,"showImageEffects":true,"showParticleSystems":true},"in2DMode":false,"pivot":{"x":-0.017518997192382814,"y":-0.8899998664855957,"z":0.0},"rotation":{"x":-0.40947669744491579,"y":-0.30796897411346438,"z":0.14914265275001527,"w":-0.8457698225975037},"size":8.678038597106934,"orthographic":false}