{"cameraMode":{"drawMode":0,"name":"Shaded","section":"Shading Mode"},"sceneLighting":true,"audioPlay":false,"sceneViewState":{"showFog":true,"showMaterialUpdate":true,"showSkybox":true,"showFlares":true,"showImageEffects":true,"showParticleSystems":true},"in2DMode":false,"pivot":{"x":3.0918006896972658,"y":-1.5978717803955079,"z":-4.41330623626709},"rotation":{"x":0.3082200586795807,"y":-0.33131974935531618,"z":0.1154872328042984,"w":0.8842470645904541},"size":12.618895530700684,"orthographic":false}