{"cameraMode":{"drawMode":0,"name":"Shaded","section":"Shading Mode"},"sceneLighting":true,"audioPlay":false,"sceneViewState":{"showFog":true,"showMaterialUpdate":true,"showSkybox":true,"showFlares":true,"showImageEffects":true,"showParticleSystems":true},"in2DMode":false,"pivot":{"x":-1.6140031814575196,"y":0.578404426574707,"z":0.41693639755249026},"rotation":{"x":-0.24402008950710298,"y":0.7350788712501526,"z":-0.33384639024734499,"w":-0.537305474281311},"size":9.722382545471192,"orthographic":false}